{
  "feature_ids": [
    6161,
    1841,
    12914,
    2107,
    7166,
    12951,
    671,
    11000,
    1222,
    1224,
    1890,
    3712,
    5239,
    8026,
    10962,
    4959
  ],
  "n_tokens": 64050,
  "min_fires": 12,
  "max_fires": 16012,
  "fire_counts": [
    470,
    589,
    579,
    458,
    577,
    544,
    669,
    530,
    480,
    602,
    542,
    609,
    653,
    632,
    460,
    601
  ],
  "total_masses": [
    97736.03125,
    97456.71875,
    95635.921875,
    94573.234375,
    92616.984375,
    92519.5390625,
    91224.7421875,
    91099.34375,
    91024.0,
    90663.0546875,
    89989.734375,
    89425.2421875,
    89143.125,
    88994.90625,
    88986.609375,
    88802.9296875
  ]
}