{
  "feature_ids": [
    9059,
    207,
    8148,
    6942,
    6461,
    9401,
    11827,
    8809,
    7003,
    4973,
    1147,
    5722,
    6890,
    11548,
    456,
    2996
  ],
  "n_tokens": 63026,
  "min_fires": 12,
  "max_fires": 15756,
  "fire_counts": [
    2717,
    4756,
    13822,
    2830,
    11200,
    2059,
    2830,
    5555,
    10464,
    2038,
    11332,
    8586,
    2493,
    1349,
    3827,
    9175
  ],
  "total_masses": [
    16986.4296875,
    15046.619140625,
    14245.6513671875,
    13221.09765625,
    12976.3994140625,
    11550.140625,
    11169.716796875,
    10767.2333984375,
    10494.193359375,
    10224.48828125,
    10047.1484375,
    10008.3720703125,
    9761.337890625,
    9721.568359375,
    8628.8125,
    8414.2607421875
  ]
}