{
  "feature_ids": [
    2795,
    13022,
    1131,
    13024,
    2204,
    13709,
    11480,
    11944,
    1063,
    6845,
    14233,
    5207,
    5940,
    7215,
    12348,
    6934
  ],
  "n_tokens": 63026,
  "min_fires": 12,
  "max_fires": 15756,
  "fire_counts": [
    5385,
    8920,
    3759,
    7297,
    2923,
    8387,
    2663,
    2950,
    2779,
    2854,
    3338,
    4573,
    2253,
    6752,
    3561,
    3999
  ],
  "total_masses": [
    14668.103515625,
    13131.6220703125,
    12179.4833984375,
    11094.0908203125,
    10976.0849609375,
    9353.8701171875,
    9200.5400390625,
    9186.6787109375,
    8791.9501953125,
    8622.291015625,
    8028.259765625,
    7944.7802734375,
    7595.18408203125,
    7564.3603515625,
    7046.47802734375,
    6645.1640625
  ]
}