{
  "n_total_pairs": 3715,
  "n_active_features_a": 4697,
  "n_active_features_b": 3715,
  "n_shared": 2043,
  "n_weak": 957,
  "n_divergent": 715,
  "max_act_corr": 0.989467203617096,
  "median_act_corr": 0.33245575428009033,
  "median_decoder_cos": -0.0018765331478789449,
  "max_decoder_cos": 0.13275417685508728,
  "thresholds": {
    "act_corr_shared": 0.3,
    "act_corr_weak": 0.15
  }
}